id,type,discount_num,gridcode,citycode,adname,tel,tag,entr_location,timestamp,address,adcode,pname,cityname,name,location,biz_ext.rating,lng,lat
B0FFILHHFN,住宿服务;宾馆酒店;经济型连锁酒店,0,4512326121,716,沙市区,0716-4097666,宵夜,"112.268965,30.306632",2022/12/31 0:25,"红星北路25号原金隆大厦,红星北路与杨林堤路交汇处",421002,湖北省,荆州市,城市便捷酒店(荆州红星路店),"112.269190,30.306469",4.7,112.26919,30.306469
B0FFHTZRM5,住宿服务;宾馆酒店;经济型连锁酒店,0,4514629622,27,武昌区,027-88125125,[],"114.334334,30.582374",2022/12/30 9:07,友谊大道三角花园A1栋,420106,湖北省,武汉市,城市便捷酒店(武汉湖北大学店),"114.334310,30.582419",4.6,114.33431,30.582419
B0FFHXMDEA,住宿服务;宾馆酒店;宾馆酒店,0,4512411821,716,荆州区,0716-8359555;15629834829,[],"112.232463,30.349157",2022/12/31 0:18,景明观路4号,421003,湖北省,荆州市,致馨栀子花开酒店(荆州草市百富店),"112.232545,30.349616",4.4,112.232545,30.349616
B0FFG9A8DQ,住宿服务;旅馆招待所;旅馆招待所,0,4513719311,1728,天门市,0728-5225999,[],"113.170323,30.661498",2022/12/30 17:14,"竟陵大道鸿渐路天门日报对面,近陆羽广场",429006,湖北省,天门市,V9城市客栈(天门陆羽广场店),"113.169901,30.661470",4,113.169901,30.66147
B0FFF40LWB,住宿服务;宾馆酒店;四星级宾馆,0,4511729620,717,伍家岗区,0717-6927999,"自助餐,自助早餐","111.327187,30.663811",2022/12/30 11:18,沿江大道188号新外滩领馆1、21-26层,420503,湖北省,宜昌市,凯盛美季酒店(宜昌滨江店),"111.327113,30.664033",4.5,111.327113,30.664033
B06B7000UO,住宿服务;宾馆酒店;宾馆酒店,0,4710459302,1719,神农架林区,0719-3334833;13886843217,[],"110.673627,31.743337",2022/12/31 0:18,"松柏镇沿河路,神农大道159号",429021,湖北省,神农架林区,神农架一品楼宾馆,"110.673604,31.743237",4.4,110.673604,31.743237
B0FFFK3EC4,住宿服务;宾馆酒店;经济型连锁酒店,0,4810767211,719,茅箭区,0719-8695757,[],"110.782887,32.646157",2022/12/31 0:30,朝阳中路31号(邮电街桥头),420302,湖北省,十堰市,汉庭酒店(十堰人民广场店),"110.782555,32.646188",4.6,110.782555,32.646188
B0FFGRFPVH,住宿服务;宾馆酒店;宾馆酒店,0,4514572902,713,黄州区,13871990360;18327757967,[],[],2022/12/30 11:14,桃源街109号,421102,湖北省,黄冈市,黄冈天悦宾馆,"114.999447,30.435128",3.9,114.999447,30.435128
B001B17CBB,住宿服务;宾馆酒店;经济型连锁酒店,0,4514720700,27,武昌区,027-88733888,[],"114.338137,30.585859",2022/12/31 0:23,团结路12号(秦园路103号佳馨花园小区),420106,湖北省,武汉市,速8酒店(武汉徐家棚地铁站店),"114.338032,30.585930",4.4,114.338032,30.58593
B001B16MB8,住宿服务;宾馆酒店;宾馆酒店,0,4514721900,27,洪山区,027-86679969,[],[],2022/12/31 0:32,徐东团结大道1053号,420111,湖北省,武汉市,武汉玉希商务酒店,"114.365159,30.593396",4.6,114.365159,30.593396
B0FFKOYJ7I,住宿服务;宾馆酒店;宾馆酒店,0,4611122502,717,夷陵区,0717-7828188,[],"111.322837,30.767448",2022/12/31 0:17,兴安社区百花二巷3号,420506,湖北省,宜昌市,7天优品酒店(宜昌夷陵店),"111.322750,30.767823",4.3,111.32275,30.767823
B02CD0R3RL,住宿服务;宾馆酒店;宾馆酒店,0,4511634400,717,V亭区,0717-6909333;0717-6997824,[],"111.428424,30.533859",2022/12/30 20:03,金V路67号,420505,湖北省,宜昌市,隆桥大酒店,"111.428177,30.533981",4.6,111.428177,30.533981
B0FFGROC2N,住宿服务;宾馆酒店;宾馆酒店,0,4514629221,27,江汉区,17786124956,热干面,"114.283439,30.582358",2022/12/30 9:06,前进四路227号花样年华大厦1层3室,420103,湖北省,武汉市,希尔曼咖啡花园酒店(武汉亚心医院店),"114.283326,30.582292",4.2,114.283326,30.582292
B0FFFO43OE,住宿服务;宾馆酒店;宾馆酒店,0,4812017021,710,樊城区,0710-3327333,一条龙,"112.132949,32.064048",2022/12/30 15:58,万达广场步行街万紫千红写字楼1层,420606,湖北省,襄阳市,盛景怡家酒店(襄阳万达广场店),"112.132976,32.064224",4.3,112.132976,32.064224
B0FFIDBZU9,住宿服务;宾馆酒店;宾馆酒店,0,4611021501,717,伍家岗区,0717-6551777;0717-6673777,[],"111.317904,30.676443",2022/12/31 0:29,东山大道314号,420503,湖北省,宜昌市,格林豪泰酒店(宜昌万达滨江店),"111.317544,30.676319",4.6,111.317544,30.676319
B0FFK3I1AK,住宿服务;宾馆酒店;宾馆酒店,0,4614125321,27,黄陂区,027-61768118,[],"114.294371,30.79908",2022/12/31 0:18,横店街金泽雅都商业单元3层,420116,湖北省,武汉市,雅斯特酒店(武汉天河机场横店街店),"114.294751,30.798906",3.9,114.294751,30.798906
B0FFL913ZV,住宿服务;宾馆酒店;宾馆酒店,0,4514548201,27,江夏区,027-88863332,[],"114.529782,30.485163",2022/12/31 0:28,高新大道818号高科医疗器械园内,420115,湖北省,武汉市,武汉高科园酒店,"114.529558,30.485294",4.6,114.529558,30.485294
B0FFHWAQ7G,住宿服务;宾馆酒店;宾馆酒店,0,4514575220,713,黄州区,0713-8889666,[],"114.900713,30.464144",2022/12/30 20:15,赤壁二路8号,421102,湖北省,黄冈市,觅・青年树酒店(黄冈万达广场店),"114.900602,30.464141",4.5,114.900602,30.464141
B0AA80LXDZ,住宿服务;宾馆酒店;宾馆酒店,0,4512243820,2728,潜江市,0728-8152656;0728-8152888,[],"112.602138,30.197270",2022/12/30 9:16,张金镇齐力大道1号,429005,湖北省,潜江市,嘉裕花园酒店(潜江张金镇店),"112.602019,30.197308",3,112.602019,30.197308
B0FFIMCONA,住宿服务;宾馆酒店;宾馆酒店,0,4512319900,716,沙市区,0716-4129288,[],[],2022/12/30 17:14,北湖路24-3号,421002,湖北省,荆州市,致馨栀子花开酒店(荆州文湖一店),"112.240587,30.326530",4.6,112.240587,30.32653
B0FFHKCIZG,住宿服务;宾馆酒店;宾馆酒店,0,4514721700,27,武昌区,027-82626088,酸梅汤,"114.340287,30.592848",2022/12/31 0:19,徐东大街3号,420106,湖北省,武汉市,武汉华怡酒店,"114.340541,30.593113",4,114.340541,30.593113
B06C00LZTV,住宿服务;宾馆酒店;宾馆酒店,0,4513716221,1728,天门市,0728-5228888,[],"113.156126,30.640136",2022/12/30 8:39,接官路90号,429006,湖北省,天门市,海凡星世贸酒店,"113.156424,30.640021",4.2,113.156424,30.640021
B06C0000RD,住宿服务;宾馆酒店;三星级宾馆,0,4513718311,1728,天门市,0728-8505818;0728-8505888,[],"113.170603,30.652626",2022/12/31 0:13,竟陵镇东湖路6号,429006,湖北省,天门市,君佳东湖酒店,"113.170422,30.652746",4.3,113.170422,30.652746
B001B0IHQE,住宿服务;宾馆酒店;经济型连锁酒店,0,4514720221,27,江岸区,027-85762777,[],"114.282769,30.589458",2022/12/30 9:04,渣家左路296号,420102,湖北省,武汉市,如家酒店(武汉循礼门地铁站江汉北路店),"114.282489,30.589446",4.6,114.282489,30.589446
B02CE02Z7M,住宿服务;宾馆酒店;三星级宾馆,0,4510724622,718,巴东县,0718-4712666,[],"110.333622,30.622824",2022/12/30 9:51,野三关镇沪蓉大道666号(巴东县民族医院旁),422823,湖北省,恩施土家族苗族自治州,巴人之都大酒店,"110.333934,30.622774",3.9,110.333934,30.622774
B0FFFADRM7,住宿服务;宾馆酒店;四星级宾馆,0,4810757802,719,张湾区,"0719-8519666;0719-8519777;+862126137886,22205",[],"110.73678,32.641798",2022/12/30 4:06,车城西路249号(红卫转盘处),420303,湖北省,十堰市,泊岸SOHO酒店,"110.736514,32.641962",4,110.736514,32.641962
B0FFL2IGVZ,住宿服务;宾馆酒店;宾馆酒店,0,4514536802,27,洪山区,027-63499908;19947678809,[],"114.483874,30.467073",2022/12/31 0:20,佛祖岭东街一号烽云慧城小区8栋,420111,湖北省,武汉市,武汉烽云慧城精品酒店,"114.483539,30.467078",3.7,114.483539,30.467078
B02D800E0A,住宿服务;宾馆酒店;四星级宾馆,0,4513434421,728,仙桃市,0728-8280888;0728-8284111,[],"113.432905,30.372619",2022/12/30 17:15,复州大道16号(近仙桃商城大厦),429004,湖北省,仙桃市,仙桃纽芬兰时尚酒店(西桥店),"113.432548,30.372658",3.6,113.432548,30.372658
B001B0B797,住宿服务;宾馆酒店;经济型连锁酒店,0,4514623622,27,武昌区,027-87303333,"自助早餐,热干面","114.337477,30.531434",2022/12/30 9:02,武珞路576号(宝通寺地铁站A口步行280米),420106,湖北省,武汉市,莫泰酒店(武汉武珞路中南宝通寺地铁站店),"114.337287,30.531333",4.3,114.337287,30.531333
B0FFG6H9S7,住宿服务;宾馆酒店;经济型连锁酒店,0,4514715900,27,江汉区,027-85555757,"热干面,自助早餐","114.241328,30.625801",2022/12/30 8:10,长港路常青五路1号(长港路地铁站C口步行470米),420103,湖北省,武汉市,汉庭酒店(武汉民航小区店),"114.241352,30.625839",4.7,114.241352,30.625839
B0FFISNEBE,住宿服务;宾馆酒店;经济型连锁酒店,0,4514720420,27,江岸区,027-86681888,"自助早餐,热干面","114.300702,30.590096",2022/12/30 9:08,胜利街168号扶轮大厦1-3楼,420102,湖北省,武汉市,城市便捷酒店(武汉汉口江滩店),"114.300827,30.590128",4.4,114.300827,30.590128
B02CE03049,住宿服务;宾馆酒店;宾馆酒店,0,4509334812,718,恩施市,0718-8274888,[],[],2022/12/30 8:28,"施州大道141号(近金安大厦,滨江花园南1门旁)",422801,湖北省,恩施土家族苗族自治州,恩施泰合商务宾馆,"109.485764,30.288704",4.7,109.485764,30.288704
B0FFHMSF58,住宿服务;宾馆酒店;宾馆酒店,0,4514623521,27,武昌区,027-86772288,[],"114.316913,30.532313",2022/12/31 0:13,首义路街办事处火车站万金国际广场1号楼4楼,420106,湖北省,武汉市,福缘百合连锁酒店(武汉武昌火车站店),"114.317320,30.532211",4.4,114.31732,30.532211
B0FFFHCAVE,住宿服务;宾馆酒店;宾馆酒店,0,4515205711,714,黄石港区,0714-6206666,[],"115.092206,30.211412",2022/12/30 9:16,黄石港区广场路21号,420202,湖北省,黄石市,佶迦酒店(黄石广场路店),"115.092112,30.211311",4.6,115.092112,30.211311
B0FFFFZG1J,住宿服务;宾馆酒店;宾馆酒店,0,4514704811,27,东西湖区,027-81346995;027-83086688;13469958094,[],"114.106151,30.621691",2022/12/30 9:05,田园大道101号智能科技综合大楼11-13层,420112,湖北省,武汉市,武汉升华商务酒店,"114.106157,30.621854",3.9,114.106157,30.621854
B06C00LYL8,住宿服务;宾馆酒店;宾馆酒店,0,4513717210,1728,天门市,0728-5359998;18671447710,[],"113.153262,30.645720",2022/12/31 0:06,公旺大道1号,429006,湖北省,天门市,影迪酒店,"113.152780,30.645622",4.6,113.15278,30.645622
B0FFL179G9,住宿服务;宾馆酒店;宾馆酒店,0,4514624422,27,武昌区,027-59501877;027-59501878,[],"114.309767,30.539121",2022/12/30 9:13,首义路街办事处首义路47号2栋,420106,湖北省,武汉市,运7酒店(黄鹤楼首义路地铁站店),"114.309971,30.539087",4.9,114.309971,30.539087
B001B170RZ,住宿服务;宾馆酒店;宾馆酒店,0,4514625311,27,武昌区,"027-88851811;+862126137886,7058080",小吃街,[],2022/12/30 9:05,民主路21号,420106,湖北省,武汉市,丽锦宾馆(武汉黄鹤楼户部巷店),"114.295642,30.547167",4.6,114.295642,30.547167
B02CE02V2W,住宿服务;宾馆酒店;三星级宾馆,0,4509333801,718,恩施市,0718-8272333,[],"109.480796,30.275858",2022/12/30 11:04,施州大道(机场路)施州雅苑B座18楼,422801,湖北省,恩施土家族苗族自治州,恩施晶都商务宾馆,"109.481166,30.275629",4.6,109.481166,30.275629
B0FFIBXCI2,住宿服务;宾馆酒店;经济型连锁酒店,0,4512316922,716,沙市区,0716-8111666;0716-8227799,[],"112.24963,30.30835",2022/12/31 0:29,沙隆达广场东侧,421002,湖北省,荆州市,速8酒店(荆州沙隆达广场店),"112.249848,30.308282",4.1,112.249848,30.308282
B001B08C29,住宿服务;宾馆酒店;宾馆酒店,0,4514625722,27,武昌区,027-87307785;027-87717773,[],"114.347698,30.548111",2022/12/30 9:06,水果湖街办事处水果湖惠明路3号附6号,420106,湖北省,武汉市,武汉鑫梦酒店(楚河汉街店),"114.347788,30.548111",4.4,114.347788,30.548111
B0FFKBOKI9,住宿服务;宾馆酒店;宾馆酒店,0,4614012302,27,东西湖区,027-83058828;027-84667788,[],"114.173922,30.685517",2022/12/30 9:06,"径河街银柏路68号,近径河工商所",420112,湖北省,武汉市,武汉径河酒店,"114.173991,30.685457",4.4,114.173991,30.685457
B02D80LXM2,住宿服务;宾馆酒店;经济型连锁酒店,0,4513433600,728,仙桃市,0728-8202888,自助早餐,"113.450965,30.360875",2022/12/31 0:16,"仙桃大道48-12号(汪洲桥桥头,步行街斜对面)",429004,湖北省,仙桃市,城市便捷酒店(仙桃大道店),"113.451131,30.360494",4.3,113.451131,30.360494
B001B0I7JG,住宿服务;宾馆酒店;经济型连锁酒店,0,4514722410,27,江岸区,18062610255,[],"114.302368,30.60364",2022/12/30 23:06,解放大道1797号(解放中学旁),420102,湖北省,武汉市,7天连锁酒店(武汉天地解放公园店),"114.302087,30.603731",4.7,114.302087,30.603731
B0FFF9ZUCJ,住宿服务;宾馆酒店;宾馆酒店,0,4514723011,27,江汉区,027-85728777,[],"114.254253,30.613654",2022/12/31 0:10,发展大道176号(汉口火车站地铁站D1口步行90米),420103,湖北省,武汉市,橙子水晶连锁酒店(武汉汉口火车站店),"114.254270,30.613518",4.2,114.25427,30.613518
B02CE0PMA9,住宿服务;宾馆酒店;三星级宾馆,0,4409738922,718,宣恩县,0718-5831111,[],"109.497256,29.990256",2022/12/30 8:27,兴隆大道172号(近文澜桥),422825,湖北省,恩施土家族苗族自治州,宣恩摆手源国际大酒店,"109.497513,29.990158",4.1,109.497513,29.990158
B0FFHC5C5Q,住宿服务;宾馆酒店;三星级宾馆,0,4514539220,27,洪山区,027-86753339,[],"114.402741,30.497932",2022/12/31 0:16,雄楚大道1025号立信富达电动车批发城,420111,湖北省,武汉市,雅斯特酒店(武汉光谷步行街店),"114.402724,30.498157",4.7,114.402724,30.498157
B001B0JORA,住宿服务;宾馆酒店;经济型连锁酒店,0,4514724002,27,江汉区,027-65685188,[],"114.258384,30.616765",2022/12/31 0:18,财神商业广场南面(汉口火车站地铁站D2口步行390米),420103,湖北省,武汉市,速8酒店(武汉汉口火车站店),"114.258385,30.616728",4.8,114.258385,30.616728
B0FFKAW59M,住宿服务;宾馆酒店;宾馆酒店,0,4614015912,27,黄陂区,[],[],"114.249692,30.713282",2022/12/30 9:09,盘龙城经济开发区珑Z轩A2-1-109商,420116,湖北省,武汉市,武汉Z悦居酒店,"114.249584,30.713118",4.8,114.249584,30.713118
B0FFG6GW51,住宿服务;宾馆酒店;经济型连锁酒店,0,4514730021,27,洪山区,027-88310188,自助早餐,"114.38095,30.589907",2022/12/31 0:21,东湖生态旅游风景区东湖庭园9栋,420111,湖北省,武汉市,城市便捷酒店(武汉欢乐谷店),"114.381038,30.590041",4.5,114.381038,30.590041
B0FFI0WQSA,住宿服务;宾馆酒店;宾馆酒店,0,4512411801,716,荆州区,0716-8810999,[],"112.22947,30.343416",2022/12/30 15:47,江津西路401号荆银雅苑,421003,湖北省,荆州市,柏曼酒店(荆州江津西路万达广场店),"112.229477,30.343132",4.6,112.229477,30.343132
B02CF00068,住宿服务;宾馆酒店;三星级宾馆,0,4810767202,719,茅箭区,0719-8662116;0719-8662685,小吃街,"110.785236,32.642778",2022/12/30 16:56,人民北路53号(五堰步行街正对面),420302,湖北省,十堰市,美乐宾馆(五堰店),"110.784705,32.642840",4.3,110.784705,32.64284
B0FFGIL2E4,住宿服务;宾馆酒店;宾馆酒店,0,4513432601,728,仙桃市,0728-8880888,[],"113.456934,30.350846",2022/12/31 0:18,钱沟南路88号(吴刚酒楼旁),429004,湖北省,仙桃市,沔街国际大酒店,"113.457238,30.350912",4.4,113.457238,30.350912
B0FFL7YTAJ,住宿服务;宾馆酒店;宾馆酒店,0,4614225911,27,黄陂区,027-85938501,[],"114.367646,30.878533",2022/12/30 9:04,前川街金堂街75号,420116,湖北省,武汉市,恒8连锁酒店(武汉木兰广场店),"114.367608,30.878425",4.2,114.367608,30.878425
B0FFI8AZ9W,住宿服务;宾馆酒店;宾馆酒店,0,4514528700,27,洪山区,027-87228791,"自助早餐,煎蛋,咖啡奶茶","114.338758,30.483661",2022/12/31 0:16,珞狮南路320号(金地西岸故事旁)近理工大学,420111,湖北省,武汉市,雅斯特酒店(武汉华中农业大学店),"114.338534,30.483529",4.3,114.338534,30.483529
B0FFKT04JZ,住宿服务;宾馆酒店;宾馆酒店,0,4514630210,27,洪山区,"027-87774199;+862126137886,5072348#",[],"114.402067,30.504142",2022/12/29 4:42,东湖新技术开发区光谷街3号1栋商业楼B1单元1层039室,420111,湖北省,武汉市,艾尚优家酒店式公寓(武汉凯瑞卡尔光谷步行街分店),"114.401920,30.504532",4.6,114.40192,30.504532
B02CE0P0UB,住宿服务;宾馆酒店;四星级宾馆,0,4508374610,718,利川市,0718-7299666;0718-7299888,[],"108.954009,30.286609",2022/12/31 0:22,滨江路教场村2组(近蓝色水岸),422802,湖北省,恩施土家族苗族自治州,半岛丽景酒店,"108.953630,30.286444",4,108.95363,30.286444
B001B0IIT9,住宿服务;宾馆酒店;经济型连锁酒店,0,4514724100,27,江汉区,027-85883688,"海鲜市场,热干面","114.263971,30.616731",2022/12/30 9:03,发展大道213号(范湖地铁站J口步行450米),420103,湖北省,武汉市,锦江之星(武汉汉口火车站店),"114.263895,30.616839",4,114.263895,30.616839
B02C800O55,住宿服务;宾馆酒店;四星级宾馆,0,4613373412,712,孝南区,0712-2880188;0712-2881166,[],"113.936185,30.945582",2022/12/31 0:29,黄陂大道17号,420902,湖北省,孝感市,万事达国际酒店,"113.936211,30.946166",4.6,113.936211,30.946166
B02C602S8E,住宿服务;宾馆酒店;三星级宾馆,0,4712426100,710,宜城市,0710-4212666,[],"112.266196,31.717352",2022/12/31 0:17,自忠路126号,420684,湖北省,襄阳市,宜城蓝波湾温泉假日酒店,"112.265895,31.717553",4.8,112.265895,31.717553
B0G3SCWWTH,住宿服务;宾馆酒店;宾馆酒店,0,4514723811,27,武昌区,027-86883789,[],"114.356546,30.612757",2022/12/30 22:45,和平大道793号,420106,湖北省,武汉市,维也纳酒店(武汉二七长江大桥余家头店),"114.356431,30.612668",4.6,114.356431,30.612668
B0FFFK3HXN,住宿服务;宾馆酒店;宾馆酒店,0,4810765220,719,茅箭区,0719-8227788,[],"110.778891,32.633027",2022/12/31 0:20,朝阳中路79号-1,420302,湖北省,十堰市,十堰左岸酒店,"110.778711,32.632989",4.5,110.778711,32.632989
B0FFGC3FBW,住宿服务;宾馆酒店;宾馆酒店,0,4514713411,27,~口区,027-83889965;027-83889966,[],"114.18307,30.611441",2022/12/31 0:22,长丰大道68号1-4层,420104,湖北省,武汉市,丽枫酒店(武汉宜家园博园店),"114.183006,30.611075",4.7,114.183006,30.611075
B0FFFA1B9E,住宿服务;宾馆酒店;宾馆酒店,0,4514722300,27,江岸区,027-85646099,[],"114.289107,30.600362",2022/12/30 9:04,香港路109号(苗栗路地铁站C口步行120米),420102,湖北省,武汉市,香缘酒店(武汉儿童医院店),"114.288883,30.600325",4.2,114.288883,30.600325
B0FFG840M6,住宿服务;宾馆酒店;宾馆酒店,0,4812016212,710,樊城区,0710-3769555;18120274625,牛肉面,"112.159556,32.054769",2022/12/31 0:12,长征路173号,420606,湖北省,襄阳市,维也纳智好酒店(人民广场店),"112.159854,32.054606",4.5,112.159854,32.054606
B02D80LW51,住宿服务;宾馆酒店;宾馆酒店,0,4513431400,728,仙桃市,0728-3333888,[],"113.427483,30.343942",2022/12/30 9:48,纺织大道1号仙桃收费站高速入口,429004,湖北省,仙桃市,金港湾大酒店(宏达路辅路),"113.427459,30.343896",3.8,113.427459,30.343896
B02CD0Q0RJ,住宿服务;宾馆酒店;宾馆酒店,0,4511551802,717,枝江市,0717-4286666,[],[],2022/12/30 20:33,迎宾大道92号,420583,湖北省,宜昌市,枝江官邸商务酒店,"111.736644,30.426697",4.6,111.736644,30.426697
B0FFGF0YB8,住宿服务;宾馆酒店;三星级宾馆|住宿服务;宾馆酒店;经济型连锁酒店,0,4514629920,27,洪山区,027-86811179,[],"114.36257,30.582949",2022/12/30 2:35,杨园南路华腾园6号商业楼(广华医院附近),420111,湖北省,武汉市,钻石6+1假日宾馆(杨园南路欢乐大道店),"114.362530,30.582782",5,114.36253,30.582782
B0AA800C11,住宿服务;宾馆酒店;宾馆酒店,0,4512570121,2728,潜江市,0728-6255555,[],"112.892386,30.42346",2022/12/31 0:15,建设街88号,429005,湖北省,潜江市,潜江钻石国际大酒店,"112.893270,30.423463",4.2,112.89327,30.423463
B0FFHC77B5,住宿服务;宾馆酒店;宾馆酒店,0,4514620321,27,洪山区,027-88870811,[],"114.294273,30.507217",2022/12/31 0:24,"江盛路108号(列电小区旁,农家小院武昌店旁)",420111,湖北省,武汉市,德汉豪泰酒店(武汉白沙洲烽火村地铁站店),"114.294188,30.507026",3.9,114.294188,30.507026
B001B0JWRJ,住宿服务;宾馆酒店;宾馆酒店,0,4514630412,27,洪山区,027-87568099,[],"114.434228,30.50506",2022/12/30 9:04,珞瑜东路与文园路交叉口东南角,420111,湖北省,武汉市,武汉东谷商务宾馆,"114.434331,30.505210",4.5,114.434331,30.50521
B0AA80004R,住宿服务;宾馆酒店;三星级宾馆,0,4512570112,2728,潜江市,0728-8151666,"虾城,稀饭,虾子,龙虾,油焖大虾","112.898298,30.420757",2022/12/30 6:27,章华中路51号,429005,湖北省,潜江市,潜江大酒店,"112.898105,30.420866",4,112.898105,30.420866
B0FFJKQZFK,住宿服务;宾馆酒店;宾馆酒店,0,4514624801,27,洪山区,027-87106968,[],"114.355546,30.534128",2022/12/30 9:08,"八一路216号附三号(武汉大学正门斜对面100米,樱花大厦旁)",420111,湖北省,武汉市,华亿连锁酒店(武汉大学店),"114.355453,30.533983",4.6,114.355453,30.533983
B0FFGXVMAM,住宿服务;住宿服务相关;住宿服务相关,0,4614126302,27,黄陂区,18627913035,[],"114.295791,30.801928",2022/12/30 9:07,横店街道园春街111号益丰大药房左侧巷子内,420116,湖北省,武汉市,武汉祥和宾馆,"114.295908,30.801995",4,114.295908,30.801995
B02CF01ZQE,住宿服务;宾馆酒店;宾馆酒店,0,4810765201,719,茅箭区,0719-8872588;8871599,[],"110.780152,32.626276",2022/12/31 0:28,人民南路7号,420302,湖北省,十堰市,十堰长泰酒店(三堰人民南路客运站店),"110.779966,32.626338",3.9,110.779966,32.626338
B0FFH8BA7B,住宿服务;宾馆酒店;宾馆酒店,0,4611021622,717,伍家岗区,0717-6306777,[],"111.333658,30.682376",2022/12/30 9:36,中南路西,420503,湖北省,宜昌市,泰禾商务酒店,"111.333400,30.682080",3.6,111.3334,30.68208
B02CE0PBDG,住宿服务;宾馆酒店;宾馆酒店,0,4509337702,718,恩施市,[],土司,"109.472649,30.309155",2022/12/30 11:57,旗峰大道274号,422801,湖北省,恩施土家族苗族自治州,恩施土司王朝大酒店,"109.472820,30.309138",4,109.47282,30.309138
B02CE003RM,住宿服务;宾馆酒店;宾馆酒店,0,4509333900,718,恩施市,0718-8290518;13986847624,[],"109.491294,30.277353",2022/12/30 10:00,舞阳大道182号,422801,湖北省,恩施土家族苗族自治州,恩施三江宾馆,"109.491170,30.277199",4.5,109.49117,30.277199
B02C901H16,住宿服务;宾馆酒店;宾馆酒店,0,4514572020,713,黄州区,0713-8389009,[],[],2022/12/31 0:33,宝塔大道21号,421102,湖北省,黄冈市,觅・天外天精品酒店(黄冈宝塔路旗舰店),"114.877173,30.439552",4.6,114.877173,30.439552
B0FFLITMXB,住宿服务;宾馆酒店;宾馆酒店,0,4514624410,27,武昌区,027-88053658;027-88872872,小吃街,"114.30409,30.538221",2022/12/31 0:18,彭刘杨路232号首义园2区26号,420106,湖北省,武汉市,俪居美伦酒店(武汉黄鹤楼首义广场店),"114.303813,30.538204",4.7,114.303813,30.538204
B02CE0P5H5,住宿服务;宾馆酒店;宾馆酒店,0,4409738821,718,宣恩县,0718-5831122,[],"109.482482,29.99006",2022/12/30 9:20,珠山镇建设路6号(新欣商城旁),422825,湖北省,恩施土家族苗族自治州,宣恩新欣大酒店,"109.482568,29.989953",3.8,109.482568,29.989953
B02CD0REKA,住宿服务;宾馆酒店;四星级宾馆,0,4511436312,717,宜都市,0717-4773888,[],"111.422964,30.387370",2022/12/30 11:21,西湖二路,420581,湖北省,宜昌市,小西湖花园酒店,"111.423401,30.386487",4.5,111.423401,30.386487
B0FFFOEK6S,住宿服务;宾馆酒店;经济型连锁酒店,0,4512411801,716,沙市区,0716-8085288,[],"112.229866,30.341761",2022/12/30 7:38,武德路观邸商业18号,421002,湖北省,荆州市,茉莉花开连锁酒店(荆州武德路万达广场店),"112.229705,30.341868",4.1,112.229705,30.341868
B0FFI1OLMG,住宿服务;宾馆酒店;经济型连锁酒店,0,4514535502,27,江夏区,027-87830000,[],"114.446694,30.460442",2022/12/30 9:07,东湖开发区流芳园横路3号(武汉天马微电子对面),420115,湖北省,武汉市,城市便捷酒店(武汉光谷二路流芳店),"114.446543,30.460385",4.2,114.446543,30.460385
B0FFH1JXHU,住宿服务;宾馆酒店;宾馆酒店,0,4508375710,718,利川市,0718-7899999;17371848666,自助早餐,"108.964485,30.296815",2022/12/30 13:42,东城街道办事处新桥社区七组1号,422802,湖北省,恩施土家族苗族自治州,利川麓岛国际酒店,"108.964736,30.296719",4.3,108.964736,30.296719
B0FFIOXM7W,住宿服务;宾馆酒店;宾馆酒店,0,4614025722,27,黄陂区,027-61102888;027-61102999,"自助早餐,宵夜,热干面,小吃街,自助餐","114.349201,30.717504",2022/12/30 9:08,汉口北大道汉北广场165号4幢,420116,湖北省,武汉市,维也纳酒店(武汉汉口北大道四季美农贸城店),"114.348863,30.717533",4.7,114.348863,30.717533
B0FFIR6FIZ,住宿服务;宾馆酒店;宾馆酒店,0,4613277412,712,孝南区,0712-2588699,[],"113.934258,30.896276",2022/12/30 22:41,南方国际C2栋5-7层,420902,湖北省,孝感市,孝感志诚商务宾馆,"113.934227,30.896211",3.7,113.934227,30.896211
B0FFH9PQS2,住宿服务;宾馆酒店;宾馆酒店,0,4510725502,718,巴东县,0718-4027666,[],"110.324583,30.627585",2022/12/30 9:01,野三关发展大道39号,422823,湖北省,恩施土家族苗族自治州,巴东峡州野三关国际大酒店,"110.324353,30.627185",3.8,110.324353,30.627185
B001B1CAQL,住宿服务;宾馆酒店;宾馆酒店,0,4514624511,27,武昌区,027-88325757,[],"114.31797,30.536801",2022/12/30 9:03,中山路497号(武昌火车站地铁站G1口步行480米),420106,湖北省,武汉市,汉庭酒店(武昌火车站店),"114.318233,30.536886",4.7,114.318233,30.536886
B0FFHTTQFC,住宿服务;宾馆酒店;经济型连锁酒店,0,4514623521,27,武昌区,027-88231987;16602776210,[],"114.316693,30.531319",2022/12/31 0:17,紫阳东路万金国际广场B楼(武昌火车站地铁D出口),420106,湖北省,武汉市,77连锁酒店(武昌火车站店),"114.317062,30.531211",3.9,114.317062,30.531211
B0FFGSHWK1,住宿服务;旅馆招待所;旅馆招待所,0,4514723011,27,江汉区,13971642158,"特色小吃,面鱼","114.254339,30.61316",2022/12/30 2:47,汉口火车站D1出口怡景商务大厦B座13楼1304,420103,湖北省,武汉市,武汉怡景果然主题酒店(汉口火车站店),"114.254273,30.612906",4.8,114.254273,30.612906
B0FFFGZSHS,住宿服务;宾馆酒店;宾馆酒店,0,4812000910,710,襄城区,0710-3330678,[],[],2022/12/30 9:10,双湖路(广电中心西侧),420602,湖北省,襄阳市,楚汉香大酒店,"112.112721,32.005533",3.8,112.112721,32.005533
B0G16S0UZE,住宿服务;宾馆酒店;经济型连锁酒店,0,4514622401,27,武昌区,027-88392388,大排档,"114.305291,30.519484",2022/12/31 0:10,白沙洲大道武泰闸堤街2号(万隆广场旁),420106,湖北省,武汉市,汉庭酒店(武昌火车站起义门店),"114.305354,30.519419",4.8,114.305354,30.519419
B0FFFVE29H,住宿服务;宾馆酒店;宾馆酒店,0,4514621811,27,洪山区,027-87675788,[],"114.35793,30.512747",2022/12/30 9:04,桂元路202号(华中师范大学南门多芬艺术隔壁),420111,湖北省,武汉市,武汉豆丁酒店(华中师范大学店),"114.358052,30.512760",3.5,114.358052,30.51276
B0G2AU6HHU,住宿服务;宾馆酒店;宾馆酒店,0,4514712701,27,~口区,027-83388828,[],"114.22013,30.600347",2022/12/30 9:18,汉西三路81号,420104,湖北省,武汉市,城市便捷酒店(武汉汉西三路店),"114.220120,30.600622",4.6,114.22012,30.600622
B02D80015I,住宿服务;宾馆酒店;宾馆酒店,0,4513434602,728,仙桃市,0728-3237777,[],"113.458316,30.36896",2022/12/31 0:23,沔阳大道75号,429004,湖北省,仙桃市,海凡星华冠酒店,"113.458355,30.369164",3.9,113.458355,30.369164
B0FFLPCBE6,住宿服务;宾馆酒店;宾馆酒店,0,4611168221,717,当阳市,0717-3153999,[],"111.783515,30.822385",2022/12/30 15:05,长坂路67号,420582,湖北省,宜昌市,丽橙酒店・趣(当阳长坂坡客运站店),"111.783134,30.822571",4.6,111.783134,30.822571
B02C6032IB,住宿服务;宾馆酒店;宾馆酒店,0,4812164112,710,枣阳市,[],[],"112.774269,32.121437",2022/12/30 15:01,人民路44号,420683,湖北省,襄阳市,嘉禾大酒店(人民路店),"112.774014,32.121614",4.2,112.774014,32.121614
B0AA8000AX,住宿服务;宾馆酒店;四星级宾馆,0,4512570120,2728,潜江市,0728-6292255;0728-6293556;0728-6295932,[],"112.889539,30.424192",2022/12/31 0:13,湖滨路11号,429005,湖北省,潜江市,潜江宾馆,"112.888718,30.424465",4.1,112.888718,30.424465
B0FFLPEULC,住宿服务;宾馆酒店;宾馆酒店,0,4514720012,27,江汉区,18071058836,[],"114.262193,30.588109",2022/12/30 19:20,"万松园横路58号(近青年路地铁A出口,航空路小学正对面)",420103,湖北省,武汉市,帆鸣主题酒店(武汉同济医院青年路地铁站店),"114.262160,30.588212",4.9,114.26216,30.588212
B0FFHQ5GVJ,住宿服务;宾馆酒店;经济型连锁酒店,0,4514628222,27,江汉区,027-85701999,自助早餐,"114.28502,30.573796",2022/12/30 23:38,三民路49号(六渡桥地铁站B口步行170米),420103,湖北省,武汉市,城市便捷酒店(武汉江汉路六渡桥地铁站店),"114.284824,30.573753",4.6,114.284824,30.573753
B0FFFWY4LM,住宿服务;宾馆酒店;四星级宾馆,0,4512478100,2728,潜江市,0728-3509888;0728-8629999,"虾城,龙虾,自助早餐,自助餐","112.891443,30.401047",2022/12/31 0:18,红梅路88号,429005,湖北省,潜江市,章华花苑酒店,"112.891302,30.401625",4.4,112.891302,30.401625
B02D80LYI3,住宿服务;宾馆酒店;三星级宾馆,0,4513433601,728,仙桃市,0728-3604888;0728-8216666,[],"113.456096,30.360924",2022/12/30 20:52,仙桃大道中段64号(钱沟路交汇处)武商仙桃购物中心,429004,湖北省,仙桃市,怡家国际酒店(仙桃武商店),"113.456077,30.360377",4,113.456077,30.360377
B001B0JG36,住宿服务;旅馆招待所;旅馆招待所,0,4514715001,27,东西湖区,027-51476638,[],"114.131056,30.625538",2022/12/30 9:04,东吴大道747号(东吴大道地铁站A口步行350米),420112,湖北省,武汉市,武汉鹏程招待所,"114.131138,30.625718",4.7,114.131138,30.625718
B02CD0Q6GX,住宿服务;宾馆酒店;三星级宾馆,0,4511638200,717,V亭区,0717-6055099;0717-6075606;0717-6755099,"稀饭,自助早餐,自助餐","111.402384,30.569499",2022/12/31 0:22,V亭大道12号,420505,湖北省,宜昌市,虹桥假日酒店,"111.402362,30.569047",4,111.402362,30.569047
B0AA80LV1Y,住宿服务;宾馆酒店;宾馆酒店,0,4512476220,2728,潜江市,0728-8150888,[],"112.900236,30.391815",2022/12/30 8:41,潜江经济开发区章华南路万豪假日酒店旁马家台小区61号,429005,湖北省,潜江市,潜江万豪假日酒店,"112.900231,30.391500",3.8,112.900231,30.3915
B02CF03Y51,住宿服务;宾馆酒店;宾馆酒店,0,4810766221,719,茅箭区,0719-8697999,[],"110.781923,32.640496",2022/12/31 0:27,东岳路7号(五堰立交桥侧),420302,湖北省,十堰市,十堰神州行商务宾馆,"110.782067,32.640550",4.3,110.782067,32.64055
B0FFFGYK5W,住宿服务;宾馆酒店;宾馆酒店,0,4414623320,715,咸安区,0715-8728999,[],"114.289936,29.863911",2022/12/30 5:23,长安大道29号,421202,湖北省,咸宁市,百事达电竞酒店,"114.290196,29.863940",5,114.290196,29.86394
B0FFGDH57X,住宿服务;宾馆酒店;宾馆酒店,0,4512412910,716,荆州区,0716-8875888,[],"112.239754,30.354456",2022/12/31 0:14,关沮镇荆沙大道两湖绿谷2楼行政楼,421003,湖北省,荆州市,两湖西联酒店,"112.239916,30.354365",3.7,112.239916,30.354365
B0FFGZHXHK,住宿服务;宾馆酒店;宾馆酒店,0,4611022322,717,伍家岗区,0717-6261888;0717-6839999,[],"111.299739,30.690127",2022/12/29 13:55,夷陵大道131号(天街娱乐城一楼院内),420503,湖北省,宜昌市,宜昌金岛假日酒店(胜利四路店),"111.299908,30.690147",4.7,111.299908,30.690147
B02CE0P28T,住宿服务;宾馆酒店;宾馆酒店,0,4508373511,718,利川市,0718-7294888,[],"108.943011,30.28039",2022/12/31 0:31,南环大道56号,422802,湖北省,恩施土家族苗族自治州,鑫源宾馆(南环大道),"108.942965,30.280143",4,108.942965,30.280143
B02CD0Q8VK,住宿服务;宾馆酒店;四星级宾馆,0,4611023310,717,西陵区,0717-6921188;0717-6921199,[],"111.290249,30.696764",2022/12/30 18:35,云集路27号1、11-24层,420502,湖北省,宜昌市,宜昌美邻私人酒店,"111.290529,30.696971",4.4,111.290529,30.696971
B001B0JYOV,住宿服务;宾馆酒店;三星级宾馆,0,4514624010,27,汉阳区,027-84702626;027-84702665;027-84702666,[],"114.251256,30.538233",2022/12/30 9:04,马鹦路161号,420105,湖北省,武汉市,中青假日酒店(鹦鹉大道店),"114.250829,30.538142",3.9,114.250829,30.538142
B0FFF34WW0,住宿服务;宾馆酒店;宾馆酒店,0,4514315022,27,江夏区,027-81525188;13986000940,[],[],2022/12/30 9:04,金口街金水闸金水农场医院对面,420115,湖北省,武汉市,武汉金铃宾馆,"114.133399,30.298173",4.1,114.133399,30.298173
B02CE002W3,住宿服务;宾馆酒店;四星级宾馆,0,4409411220,718,咸丰县,0718-6899998;0718-6899999,[],"109.152071,29.681375",2022/12/31 0:25,解放路323号(近人民医院),422826,湖北省,恩施土家族苗族自治州,乐山大酒店,"109.152243,29.681283",4.1,109.152243,29.681283
B001B16GOZ,住宿服务;宾馆酒店;宾馆酒店,0,4514629322,27,江岸区,027-82805833,[],"114.298668,30.582266",2022/12/31 0:09,洞庭街34号金花之星酒店,420102,湖北省,武汉市,金花之星酒店(江汉路步行街江滩店),"114.298477,30.582178",4,114.298477,30.582178
B0FFHJGQRB,住宿服务;宾馆酒店;宾馆酒店,0,4514621512,27,武昌区,027-88229888,[],"114.322803,30.513194",2022/12/30 6:37,南湖花园城瑞安街271号,420106,湖北省,武汉市,武汉鑫瑞达商务酒店,"114.323331,30.513247",4.2,114.323331,30.513247
B02D8000JR,住宿服务;宾馆酒店;三星级宾馆,0,4513433601,728,仙桃市,0728-3231888;0728-3312369,[],"113.456936,30.36092",2022/12/30 17:11,仙桃大道66号(近武商仙桃购物中心),429004,湖北省,仙桃市,凤凰酒店(仙桃大道),"113.457036,30.360619",3.1,113.457036,30.360619
B0FFMHPHJQ,住宿服务;宾馆酒店;宾馆酒店,0,4514422602,27,江夏区,027-87978886,大排档,"114.336522,30.352047",2022/12/30 9:20,熊廷弼街特8号高鑫名居大商业7,420115,湖北省,武汉市,品荟精品酒店,"114.336325,30.352056",4.7,114.336325,30.352056
B001B0BCOS,住宿服务;宾馆酒店;宾馆酒店,0,4514720211,27,江岸区,027-85798361;027-85798362,小吃街,"114.282120,30.588015",2022/12/31 0:33,江汉北路渣家村1号(二十八中学对面),420102,湖北省,武汉市,武汉万家都市宾馆(江汉路步行街循礼门地铁站店),"114.282325,30.587902",4.6,114.282325,30.587902
